nume,sugestie
Ac jiglor,
Acoperire bara protectie,Elemente decorative bara protecție
Acoperire far,Ornament far
Acoperire faruri,Ornament far
Acoperire faruri ceata,Grila proiector ceață
Acoperire fata,"Panou față, Trager"
Acoperire grila radiator,"Ornament grilă radiator, Ramă grilă radiator"
Acoperire oglinda exterioara,Capac oglindă exterioară
Acoperire pedala pedala frana,Cauciuc pedală frână
acoperire spoiler fata,Bandou bara față
Acoperire stop spate,"Catadioptru, Reflector, Dispersor lampa spate"
acumulator presiune, acumulator presiune suspensie reglabilă
acumulator presiune suspensie, acumulator presiune suspensie reglabilă
Adaptor bricheta ,
Adaptor conducte frâna,
adaptor filament electric,
Adaptor marire chlichet,
Adaptor priza, Adaptor electric priza cârlig tractare
Adeziv,
Aditiv combustibil,
Aditiv ulei cutie viteze,
Aditiv ulei hidraulic,
Aditiv ulei motor,
Amortizor,Amortizor suspensie
Amortizor capota, Amortizor (arc cu gaz) capotă
Amortizor de legatura inst de injectie,
Amortizor deflector aer,
Amortizor directie,Amortizor (casetă) direcție
Amortizor frana parcare actionata cu piciorul,
Amortizor gaz capac cutie scule, Amortizor (arc cu gaz) cutie scule camion
Amortizor luneta, Amortizor (arc cu gaz) lunetă
Amortizor portbagaj, Amortizor (arc cu gaz) portbagaj
Amortizor reglaj scaun,
Amortizor soc bara protectie,
Amortizor sunet sistem compresor ,
Amortizor suspensie cabina, Amortizor camion pentru suspensie cabina
Amortizor torpedou,
Amortizor vibratii ,
amortizor vibratii cardan ,
Amortizor vibratii curea distributie,
Amortizor vibratii curea transmisie cu caneluri,
Amortizor zgomot mijloc spate,Toba eșapament mijloc-spate
Amplificare frane,Amplificare (Tulumba) pompa frână
Ansamblu burduf articulatie planetara,Burduf planetara cu coliere
Ansamblu burduf directie, Burduf caseta direcție cu coliere
Ansamblu miez turbo,
Antena,
Antigel,
Anvelope,
APA DEMINERALIZATA,Redresor  baterie ( încărcător intermitent)
aparat de incarcat bateria de acumulatori,
Aparat de masurat emisiile,Senzor NOX
Aparat de verificat incarcat presiune aer roti, Compresor umflare roti
aparatoare noroi,
aplicator,
arbore auxiliar mecanism schimbare viteze,
Arbore diferential,
arbore tahometru,Cablu kilometraj
Arc amortizor zgomot,Arc fixare tevi eșapament
Arc pedal ambreiaj, Arc pedală ambreiaj
Arc pneumatic directie,Perna aer pentru suspensie
Arc reglaj poziție,
arc retinere,Siguranță fixare furtun/conductă
Arc sabot frâna,
Arc spiral," Arc suspensie, spiral"
Arc spirala Airbag,Spirala airbag
Aripa,
Aripa interioara,"Carenaj noroi aripă, din plastic"
Articulatie axiala cap de bara,"Bieletă de direcție, cu sau fără cap de bară"
Articulatie bara directie,Bară direcție
Articulatie cabina,Bucșă pentru cabina camion
Articulatie cardan," Articulatie cardan, flanșă sau cruce cardan"
Articulatie coloana de directie," Articulatie coloana volan, cruce sau flanșa cauciuc"
Articulatie directie suspensie roata,"Fuzetă, portfuzetă"
Articulatie levier schimbare viteze, Articulatie manetă schimbator viteze
Articulatie parghie cot,Pivot suspensie
Articulatie planetara,Cap planetară
Articulatie sarcina ghidare,Pivot suspensie
Articulatie sferica senzor cursa ,"Cap de bară, altele"
Articulatie sferica traversa ax ,"Cap de bară, altele"
articulatie unghiulara,Cap de bară
Ax cardanic antrenarea arborelui,Cardan
Ax cu came,
Ax frana frana tambur," Ax frana camion, frâna tambur"
ax intermediar, ax intermediar planetară
Axul fuzetei ,
Baie ulei, Baie ulei motor
Baie ulei cutie viteze automata,
Balama capota motor,
Balama clapeta compartiment depozitare,
banda adeziva ,
Banda cauciuc sistem de esapament ,
Banda de protectie bara de protectie,Bandou bara de protecția
Bandou aripa,
bara directie,
bara stabilizatoare suspensie,
Baterie agregat,
Baterie de alimentare,Baterie telecomandă (buton)
baterie de pornire,"Baterie de pornire, acumulator"
Bec far de lucru,
Bec far faza lunga,
Bec far pentru viraje ,
Bec far principal,
Bec iluminare compartiment motor ,
Bec iluminare demarcare avertizare,
Bec iluminare portbagaj,
Bec incandescent,
bec incandescent bec lumina zi,
Bec incandescent lumin de drum de zi,
Bec incandescent lumin de zi de pozi ie,
Bec lampa ceata spate,
Bec lampa frâna,
Bec lampa mers inapoi ,
Bec lampa spate,
Bec lumina aditionala frâna,
Bec lumina ceata frana,
Bec lumina citire,
Bec lumina portiera,
Bec lumina securitate usa,
Bec lumina torpedou,
bec lumini de stationare,
Bec lumini interioare,
Bec proiector ceata,
Bec semnalizator,
biela,Biela piston motor
biela compresor aer,Biela pentru compresorul instalației de aer comprimat a camioanelor
Bieleta directie,
Bloc lumini de control,Bloc lumini
Blocaj volan,
Bobina ambreiaj magnetic compresor,Bobina ambreiaj magnetic compresor de aer condiționat
bobina de inductie,
Boc supape suspensie pneumatica,
Bolt arc ,
bolt de siguranta ,
Bolt fixare stabilizator,
Bolt furca actionare ,
bolt principal ,
Bolt roata,Prezoane roată
Bolt sabot frana ,
boltturi de reglaj sistem de franare,
Bolturi ,
Brat bara de torsiune,"Bară de torsiune, arc suspensie"
Brat bieleta suspensie roata,Brat/Bascula suspensie roată
Brat bieleta suspensie stabilizator,Bieleta antiruliu stabilizatoare
brat stergator parbriz,
Brat suspensie roata,Brat/Bascula suspensie roată
Brat tensionare curea trapezoidala,Brat intindere curea accesorii (trapezoidala)
Brida arc,Brida arc foi
Buc amortizor,Bucsa amortizor
Bucsa,Bucsa suspensie
Bucsa amortizor,Bucsa amortizor
bucsa arbore de directie,
bucsa arbore demaror,
Bucsa arbore frana ,
Bucsa arc,Bucsa arc foi
Bucsa arc foi,Bucsa arc foi
Bucsa arc parabolic,Bucsa arc foi
Bucsa bara directie,
Bucsa bara stabilizatoare,
Bucsa bolt articulatie ax,
Bucsa bolt saboti frâna,
Bucsa brat legătura,
Bucsa cilindru compresor aer,
Bucsa cilindru tilt cabina,
Bucsa de ghidare chiulasa,
Bucsa lagare cabina sofer,
bucsa levier schimbare viteze,Bucsa schimbator viteza
Bucsa levier schimbator viteza,Bucsa schimbator viteza
bucsa mecanism de remorcare ,
Bucsa ochi arc,Bucsa arc foi
Bucsa sudura,
Bucsa suport arc ,
Bucsa suport diuza,
Bujie incandescenta,
Bujie incandescenta incalzire auxiliara,
Bujii,
Burduf cauciuc articulatie planetara,Burduf planetara
Burduf cauciuc directie,Burduf caseta direcție
Burduf cauciuc suport motor,
Burduf ghidaj etrier ,Burduf culisa etrier 
Burduf sistem oglinzi ,
Burduf suspensie cabina sofer,
Burduf suspensie pneumatica,Perna aer pentru suspensie
buson bloc motor,
Buson capac ,
buson radiator,
buson rezervor de combustibil,
Buson rezervor injectie aditiv,Buson rezervor aditiv AdBlue filtru de particule
buson rezervor lichid de spalare parbriz,
buson umplere ulei,buson umplere ulei motor
buson vas expansiune,
buton,
buton de inchidere,
buton pt regl inaltimii scaunului,
Butuc roata,Butuc roata
Butuc roata corp axa,Butuc roata
C rlig de siguran nchiz toare capot motor,Siguranța capota motor
Cablaj,
cablaj lumini spate,cablaj electric lumini spate
Cablaj proiector ceata,Cablaj electric proiector ceata
Cablu acceleratie,
Cablu adaptor stopuri ,
Cablu ambreiaj,
Cablu conectare,
Cablu conexiune sensor ax came ,Cablu electric senzor ax came 
Cablu deblocare usi ,
Cablu electric ,
Cablu fixare clapete cutie scule,
Cablu frana de parcare,Cablu frana de mana
cablu infasurat,
Cablu legatura frana electronica,
Cablu prelungitor senzor asistenta parcare ,
Cablu reglaj coloana directie ,
Cablu tractare ,
cablu transmisie manuala,Cabluri timonerie schimbător cutie 
cabluri ajutor start,Cabluri pornire 
Camasa cilindru ,Camasi pistoane motor
Camasa colier ,
Camasa filetata picior suspensie,
Camasa lagar trapez,
Camera,
Cap cheie tubulara,
Cap de bara,
Cap de cuplare,
Capac ax cama frana,Capac ax cama frâna pentru camion
Capac brat stergator parbriz,Capac surub prindere braț stergator parbriz
capac butuc Roata,capac rulment butuc Roata
Capac carcasa filtru ulei,Capac cartus filtru ulei
Capac carlig remorcare,Capac în bara peste gaura cuiului de remorcare
Capac conector bolt principal,
Capac culbutor,
Capac curea dintata,Capac protecția curea distributie
capac de protectie butuc roata,capac rulment butuc Roata
capac distribuitor,Capac delcou
capac distributie bloc motor ,"Separator ulei, Filtru epurator ulei ? FEBI BILSTEIN 47338"
Capac filtru combustibil ,Capac cartuș  filtru mtorină 
capac flansa sistem de racire,
Capac flansa transmisie automata,
Capac flansa transmisie manuala,
capac inchidere rezervorde compensare servodirectie,Bușon rezervor (vas) lichid servodirectie
Capac maner usa,
Capac piulita roata ,
Capac protectie Burduf amortizor,Burduf protecția amortizor
Capac punte suport arc,
Capac releu demaror,
capac rulment roata,capac rulment butuc Roata
capac suport oglinda exterioara,
capac tambur de frana,
Capota motor,
Captor apa sistem compresor,
carcasa,
Carcasa amortizor cabina sofer ,
Carcasa clapeta,Carcasa clapeta accelerație
carcasa distributie,
Carcasa galerie admisie,Carcasa galerie admisie
Carcasa oglinda exterioara,
Carcasa stecher ,
Carcasa stecher unitate comanda transmisie automata,
carcasa termostat,
carenaj cpasaj roata,carenaj roata (pasaj interior din plastic)
Caseta directie,
Catalizator,
cauciuc lamela stergator ,
cheder usa,
Cheie bujii ,
Cheie cu clichet,
Cheie cu clichet inelara dubla,
Cheie fixa inelara ,
chit accesorii culbutori,
Chit de reparatie levier revers directie ,
chit lant de distributie,chit lant de distributie și patine
chit protectie praf amortizor,
chit reparatie ambreiaj automat,chit reparatie sector dintat cablu ambreiaj cu reglare automata
Chit reparatie articulatie sarcina ghidare,Chit reparatie pivot suspensie
chit reparatie bieleta antiruliu,chit reparatie bieleta antiruliu
Chit reparatie brat,Chit reparatie braț suspensie
Chit reparatie distribuitor aprindere,Chit reparatie delcou
chit reparatie injectoare ,chit reparatie injectoare 
Chit sina de ghidare lant distributie ,Patine lanț distributie
chiulasa,Chiulasa motor
chiulasa compresor,chiulasa compresor pentru sistemul de aer comprimat al suspensiei
Cilindru bariera cutie viteza,Cilindru bariera cutie viteza camion
Cilindru basculare cabina sofer ,Cilindru basculare cabina sofer la camioane
cilindru de,
Cilindru de frana pretensionat cu arc,Cilindru de frâna pentru camion
cilindru de inchidere aprindere,Butuc cheie contact
cilindru de lucru,
cilindru de lucru reglaj,
Cilindru inchidere,Butuc broască ușă
cilindru lucru frana motor,cilindru lucru frana motor camion
cilindru multifunctional,cilindru multifunctional camion
cilindru receptor ambreiaj,
cilindru receptor frana,
cilindru receptor frana cu membrana,Cilindru de frâna pentru camion
cilindru receptor servodirectie,cilindru receptor servodirectie pentru camion
cilindru strangere senzor viteza,Clema fixare senzor
clapeta control admisie aer,Supapa admisie aer
clapeta de inchidere supracurgere combustibil,
clapeta sistem evacuare frana motor,
clapetaevacuare,
claxon,
clem de prindere capitonaj,Clipsuri auto
Clem de prindere capitonaj u,Clipsuri auto
clem de prindere scut de protec ie,Clipsuri auto
clema fixare geam,Clema macara geam
clema pol baterie,Borna baterie
cleste cu banda,
cleste greautati de echilibrare,
cleste ptr sigurante,
cleste stecher bujii incandescente,
clip,Clipsuri auto
clips acoperire decorativa si protectie,Clipsuri auto
clips prindere tapiterie interioara,Clipsuri auto
cocos blocare,
colier,
colier de fixare,
colier furtun,
colier sistem de esapament,
colier toba esapament,
Coloana directie,"Ax volan,coloana volan"
commtator indicator cabina deschisa,
Compresor climatizare,"compresor climatizare, aer condiționat"
compresor instalatie aer comprimat,compresor instalatie aer comprimat pentru camion
Compresor sistem de supraalimentare,"Turbina, turbosuflanta"
comutator,
Comutator actionare ambreiaj,
Comutator actionare ambreiaj comanda motor,Comutator pedala ambreiaj
comutator actionare ambreiaj febi,Comutator pedala ambreiaj
Comutator actionare ambreiaj Tempomat,Comutator pedala ambreiaj
Comutator actionare frana de parcare,Comutator frâna de mana
Comutator aprindere,Aprindere electronică
comutator claxon,Buton claxon
Comutator coloana directie,Maneta semnalizare
Comutator contact portiera,Comutator avertizare ușa deschisă
comutator cutie de transfer,
Comutator deschidere haion,
Comutator far,Bloc lumini
Comutator haion,
comutator incalzire luneta,Buton comanda încalzire luneta
comutator incalzire scaune,Buton comanda încalzire scaun
comutator intermitenta stergator parbriz,Buton frecventa stergatoare
comutator lampa marsalier,Sonda mers înapoi
comutator lumini de avarie,Buton lumini avarie
Comutator lumini frana,Comutator pedala frâna lumini stop
comutator macara geam,Buton geam electric
comutator pornire,"Contact pornire, doar partea electrică"
comutator presiune,
Comutator presiune aer conditionat,
comutator presiune control incarcare ax,
comutator presiune hidraulica frana,
comutator presiune ulei servodirectie,
Comutator proiector ceata,Buton proiectoare ceață
Comutator reglaj oglinda,Buton reglaj oglinzi
Comutator sistem inchidere,Buton blocare/deblocare uși
comutator stergator,Maneta ștergătoare
Comutator temperatura racire,Termocupla ventilator răcire motor
Comutator temperatura ventilator aer conditionat,
Comutator temperatura ventilator radiator,Termocupla ventilator răcire motor
Comutator trapa pavilion,Buton acționare trapă
comutator ventilator incalzire ventilatie,Buton pornire ventilație
condensator aprindere,
condensator climatizare,Radiator (condensator) aer condiționat din compartimentul motor
conducta,
conducta admisie,Tubulatura admisie aer motor
Conducta admisie pompa ulei,
conducta alimentare cu combustibil,
conducta de inalta presiune inst de injectie,
conducta dispozitiv de basculare cabina,
conducta inalta presiune aer conditionat,
conducta joasa presiune aer conditionat,
Conducta legatura injector,Conducta injector
conducta presiune variabila aer conditionat,
conducta regenerare filtru particule,
conducta schimbator caldura incalzire,conducta/furtun calorifer încălzire (schimbator caldura)
conducta tubulara supapa agr,Coducta gaze EGR
conducta ulei incarcare,
conducta uscator de aer,
Conducte ambreiaj,
Conducte frana,
conducte retarder,conducte retarder transmisie camion
Conector teava sistem de esapament,Conector țevi eșapament
conexiune test,
Contact principal baterie,
Control clapeta acceleratie,
control maner usa,
controler inaltime suspensie,Senzor nivel suspensie reglabilă
Convertizor presiune galerie admisie,
convertor de presiune turbocompresor,
Convertor presiune,
Convertor presiune esapament,
coroana dintata volanta,
corp ax,
cric hidraulic,
culbutor supapa,
Culbutor tren supape,
cupla magnetica climatizare,Cuplaj magnetic pentru fulia compresorului de aer condiționat
cupla ventilator radiator,Cuplaj vâscos (vâscocuplaj) ventilator răcire motor
cuplaj conducta lichid,
Cuplaj conducta lichid racire,
cuplaj unisens demaror,Bendix electromotor
cuple distribuitor sistem injectie,
curatare filtru de particule,Soluție? Aditiv? Curatare filtru de particule
Curea de distributie,Curea de distributie (dințată)
curea intinzator,
Curea transmisie,Curea accesorii (agregate)
Curea transmisie cu caneluri,Curea accesorii (agregate) 
curele de transmisie,Curea accesorii (agregate) 
cutie cu sigurante,Panou siguranțe electrice și relee
cuzinet stabilizator,Bucșa bara stabilizatoare
dalta,
deflector de aer,
Deflector de aer motor,
disc ambreiaj,
disc de antrenare mecanism de antrenare pompa injectie,
disc dintat cutie de viteze planetara,
disc frana,
disc stop ambreiaj,
dispersor iluminare numar circulatie,dispersor lampa numar circulatie
dispersor lampa spate,
dispersor semnalizator,
dispozitiv de montare curea dintata,
dispozitiv de montare curea transmisie,
dispozitiv de verificare sincronizare carburator,
distantier,
distantier suport amortizor,
distribuitor t combustibil,
diuza spalare faruri,
diuza spalare parbriz,
diuza ulei racire fusta piston,diuza racire fusta pistonului cu ulei
Dop antianghet,
dop filetat,
dop gaura de montaj ax culbutori,
dorn,
dorn de nchidere broasc u,
dulie,
dulie far,
dulie piesa electrica universala,
electromotor macara geam,Motoras electric pentru macara geam 
Electromotor ventilatie interioara,"Ventilator bord, Suflanta ventilaie interioara"
Element actionare etrier frana de parcare,Motoras electric actionare etrier
element de control aer conditionat,
Element de fixare capac motor,
element de reglaj faruri,Motoras electric reglaj far
element de reglaj regaj scaun,Motoras electric reglaj scaun
element de reglare clapet rezervor,"Motoras electric deschidere/închidere ușița rezervor, actuator"
Element de reglare clapeta carburator,"Motoras electric dirijare aer ventilație interioară, motoraș clapetă aerotermă"
element de siguranta ernst,
element filtrant uscator aer compresor,"Filtru desicator, uscător aer instalație aer camioane"
element lant lant de distributie,element lant de distributie
Element reglaj clapeta galerie admisie,Element reglaj clapeta galerie admisie
element reglaj inchidere centralizata,Motoras electric (actuator) închidere centralizată
element reglaj oglinda exterioara,Motoras electric (actuator) mișcare sticla oglindă
Elemente decorative protectie aripa,Bandouri
Elemente decorative protectie bara protectie,Bandouri
Elemente decorative protectie panou lateral,Bandouri
elemente decorative protectie portiera,Bandouri
Etan are carcas clapet,Garnitură 
etansare capac ax came frana,Garnitură sistemul de frână pentru camioane
etansare filtru ulei,Garnitură filtru ulei
etansare intercooler,Gaarnitură intercooler
etansare intrare turbina compresor,Garnitură intrare turbina compresor
Etansare pompa ulei,Garnitură pompa ulei
Etansare racire ulei,Garnitură racire ulei
Etansare rezervor,Garnitură rezervor
etansare set garnituri,Set garnituri
etansare supape,Simering supapa
etansare suport injector,Garnitură suport injector
etansare ulei transmisie manuala,Simering ulei transmisie manuala
etrier frana,
evaporator aer conditionat,Radiator aer condiționat din bord (evaporator)
extractor articulatie sferica,
extractor de surub,
far,
Faruri de curba AFS,
filtru aditiv,filtru aditiv filtru de particule pentru camioane
Filtru aer,
filtru aer admisie compresor,filtru aer admisie compresor pentru sistemul de frânare al camioanelor
filtru aer habitaclu,Filtru polen
Filtru aer secundar,
filtru aerisire bloc motor,Filtru epurator
filtru agent frigorific,
filtru combustibil,
Filtru funingine particule sist de esapament,Filtru funingine particule DPF
filtru furtun subpresiune,
filtru hidraulic cuplare cu lamele trac iune integral,filtru hidraulic cuplare cu lamele tracțiune integrală pentru camioane
Filtru hidraulic cutie de viteze automata,
filtru hidraulic sistem directie,
filtru legatura sistem pneumatic,filtru legatura sistem pneumatic pentru camioane
filtru sistem hidraulic primar,
filtru ulei,
fisa bujii,
Fixare usa,Opritor ușă
Flansa carburator,
flansa incalzire preancalzitor aer admisie,Conducta aer motor
Flansa injectie monopunct,
Flansa lichid racire,
folie antizgomot placute de frana suport,
fulie alternator,
Fulie curea arbore cotit,
Fulie pompa apa,
Fulie pompa servo,Fulie pompa servodirectie
Furca decuplare ambreiaj,
furtun,
furtun aerisire bloc motor,
Furtun aerisire chiulasa,
furtun aerisire rezervor egalizare,Furtun apă vas expansiune
furtun alimentare aer,
furtun ambreiaj,
furtun combustibil,
furtun ear supraalimentare,furtun aer turbo 
furtun flexibil sistem de esapament,racord  flexibil eșapament
furtun frana,
Furtun hidraulic sistem de directie,Furtun servodirectie
furtun nc lzire,Furtun apă
furtun radiator,Furtun apă radiator
furtun supracurgere combustibil,Furtun retur combustibil
furtun ulei,
furtun vacuum sistem de franare,furtun vacuum sistem de franare
furtunspirala,Furtun aer spiralat pentru camioane
Galerie sistem de esapament,Galerie evacuare
garnit etans evac ulei compresor,Garnitură 
garnit etansare arbore servopompa,Simering ax pompa servodirecție
garnit etansare capac carter motor,Garnitură capac motor
garnit etansare lagar axial sprijin arc,
Garnitura,
garnitura arbore intermediar,
Garnitura baie ulei,
Garnitura capac alimemtare ulei,
garnitura capac axa,
garnitura capac distributie,
garnitura capac supape,
Garnitura Carcasa galerie admisie,
garnitura carcasa termostat,
garnitura caseta directie,
garnitura chiulasa,
garnitura conducta lichid de răcire,
garnitura cutie,
garnitura distributie,
garnitura etans compresor,
garnitura etansare arbore arbore de antrenare ppa ulei,
garnitura filtru combustibil,
garnitura fixare amortizor cabina conducator,
garnitura flansa curatator centrifugal,
garnitura flansa lichid racire,
garnitura galerie admisie,
garnitura galerie evacuare,
Garnitura Intinzator lant de distributie,
garnitura luneta,
garnitura parbriz,
garnitura piston etrier,
Garnitura pompa combustibil,
garnitura pompa de apa,
Garnitura pompa injectie,
Garnitura pompa rezervor spalare parbriz,
Garnitura pompa vacuum,
garnitura racord admisie combustibil,
garnitura racord evacuare,
garnitura suport stabilizator cabina conducator,
Garnitura suruburi capac supape,
Garnitura termostat,
garnitura vana ulei cutie viteza automata,
Garnitura ventil AGR,
Garnituri carcasa filtru ulei,
generator alternator,
ghid supapa,
ghidaj cu role usa glisanta,
ghidaje lant distributie,
ghidon,
grila radiator,
grila ventilatie bara protectie,grila bara protectie
head up display,
husa scaun,
husa volan,
iluminare numar de circulatie,
in de ghidare u glisant,șină de ghidare ușă glisantă
inbinare cablu,
inbinare tubulatura aer comprimat,Mufă conectare (inbinare) tubulatura aer comprimat
incalzire unitate rezervor injectare aditiv,
Inchizator capota motor,Broasca capota motor
Incuietoare capota portbagaj,Broasca capota portbagaj
Incuietoare haion,Broasca haion
Incuietoare torpedou,Broasca torpedou
incuietoare usa,Broasca usa
incuietoare usa cabina soferului,Broasca  usa cabina camion
indicator uzura placute frana,
inel aerisire,
inel de centrare janta,
inel de etansare,Simering
inel de etansare butuc roata,Simering butuc roata
inel de etansare compresor,Simering compresor
Inel de etansare maneta schimbator viteze,Simering maneta schimbator viteze
inel de etansare saboti frana,Simering saboti frana
inel de ghidare arbore cotit,
inel de ghidare butuc roata,
inel de siguranta,
inel distantier,
inel etansare antrenare taho,
inel etansare articulatie ax,
inel etansare ax came frana,
inel etansare ax pompa apa,
inel etansare brat oscilant,
inel etansare caseta directie,
inel etansare compresor,
Inel etansare furtun aer supraalimentare,
Inel etansare furtun lichid racire,
inel etansare galerie evacuare,
Inel etansare injector,
inel etansare intinzator lant distributie,
inel etansare locas bujie,
inel etansare mecanism planetar butuc roata,
Inel etansare pompa injectie,
Inel etansare radiator ulei,
inel etansare surub drena ulei,
inel etanzare ax lagarul de decuplare al arborelui,inel etanșare ax lagarul de decuplare al arborelui
inel retinere janta,
Inel rulment sarcina amortizor,
inel senzor,
Inel senzor ABS,
inel siguranta,
inel siguranta bolt rola saboti frana,
Injector,
intercooler compresor,
Intinzator curea curea distributie,intinzator curea distributie
intinzator curea distributie,
intinzator curea transmisie,Întinzător curea accesorii (agregate)
Intinzator lant antrenare pompa ulei,
intinzator lant distributie,
Intrerupator control automat al vitezei,
Intrerupator lumina de pozitie,
ionizator aer,
Janta aliaj,
Janta tabla otel,
joja ulei,joja ulei motor
joja ulei cutie automata,
kit de etansare kit de etansare pneuri,
kit de montaj cilindru fr n cu membran,kit de montaj cilindru frână camion cu membrană
Kit de reparat faruri principale suport,kit reparație urechi prindere far
kit repar cabluri ventilat habitaclu sist preincalz motor,
lacat lant lant distributie,lacat lanț distributie
lagar,
Lagar antrenare demaror,
lagar articulat amortizor cabina conducator,
lagar central cardan,Rulment cardan
Lagar cutie de viteza,Rulment cutie de viteza
lagar fixare ax,ok
Lagar intermediar ax cardanic,Rulment intermediar planetară
lagar levier ambreiaj,
lagar stergator,Bucșă ștergător
lagar suport arc,
Lagar suport ax,
Lagar ventilator racire motor,
lama stergator universala,
lamela stergator,
lampa de mana,
lampa laterala,
Lampa mers inapoi,
Lampa spate,
Lant angrenare pompa ulei,
lant distributie,
lanturi carpriss,Lanturi antiderapante
latire aripa,Bandouri
Legaturi stergator parbriz,"Ansamblu tije ștergător parbriz, Timonerie ștergătoare"
lentila far,Dispersor (lentila) far
levier control coloana directie,Levier intermediar directie ( semicaseta direcție )
levier de schimbare viteze,
levier intermediar directie,Levier intermediar directie ( semicaseta direcție )
lichid de frana,
lichid de parbriz,
lichid de parbriz iarna,
Limitator acoperire motor,
limitator brat axa,
Locas filtru combustibil,
Locas filtru ulei,Carcasă (corp) cartuș filtru ulei motor
lubrifiant pol baterie,Vaselină borne acumulator
lubrificant pentru temperaturi mari,
lubrificant siliconic,
lumina avertizare schimbare banda de mers,Indicator luminos în oglinda laterală
lumina de ceata spate,Lampa ceață spate
lumina de lucru,
lumini de zi,
lumini interioare,
maciulie maneta schimbat vit,Ornament nuca schimbător viteze
Man on rep arbore ie ire cut cutie de vit interm,
Maner capota portbagaj,
maner inchidere capota motor,
maner usa,maner exterior ușa
Maner usa echipare interioara,
manivela geam,
Manseta ax cardanic,
manson cauciuc bobina,
manson cauciuc bujie,
manson cauciuc distribuitor,
manson maneta scimbare viteze,Husa schimbător viteze
Material amortizare zgomot nisa motor,Insonorizant montat pe scutul motor
material de etansare,
material etansare radiator,
mecanism actionare geam,
mecanism inchidere capota fata,Broasca capota motor
mecanism stergator parbriz,
Mecanism tensionare curea distributie,întinzător curea distributie
mechatronic cutie automata,
Membrana aerisire carcasa arbore cotit,
membrana carburator,
membrana cilindru frana,membrana cilindru frâna camion
Membrana pompa vacuum,
menivela volan butuc maneta volan,Mâner (nuca) montată pe volan
Miez supapa supapa service,Ventil/Supapa instalație climatizare
Miner haion,
Modul alimentare combustibil,Pompa combustibil din rezervor
modul conducta admisie,Galerie admisie
Modul EGR,Supapa EGR
Modul racire,Radiator răcire motor cu condensator (monobloc)
Modul semnalizare,Releu semnalizare
montant generator,Bucșă montare alternator
motor electric ventilator,
motor stergator,
mufa ambreiaj flexibila,Mufa ambreiaj flexibila
nit,
nit de desfacere,Clipsuri auto
nit material frictiune saboti frana,
Oala spiralata pompa combustibil,Pompa combustibil din rezervor
odorizant,
oglinda exterioara,oglinda exterioara
oglinda exterioara cabina,oglinda exterioara cabina camion
oglinda fata cabina sofer,oglinda fata cabina șofer camion
oglinda rampa,oglinda rampa pentru camion
Oglinda retrovizoare interioara,Oglinda retrovizoare interioara
Oglinda sticla,oglinda sticla
oglinda unghi indepartat,oglinda unghi indepartat
opritor injectie,Electrovalvă oprire motorină
pachet arc cu foi,Arcuri foi
PACHET REVIZIE,
paleta ventilator racire motor,
palnie filtru de aer,Tubulatura admisie aer motor
Palnie joja ulei,
panou lateral,Paou lateral caroserie
panou spate,panou spate caroserie
parasolar,
pasta de montaj,
pasta hidraulica frana ambreiaj,
Pedala acceleratie,
perie spalat auto,
perna aer podea de incarcare portbagaj,
piedica roata,
piesa alunecare,
piesa de legatura conducta de frana,
piese apasare supapa admisie evacuare,
pinion electromotor,Bendix electromotor
pinion pompa ulei,
Piston,piston motor 
piston cilindru frana,piston cilindru frana
Piston etrier frana,Piston etrier frana
piston perna de aer,
piulita,
piulita arbore principal al transmisiei,
piulita articulatie sarcina ghidare,
piulita ax,
Piulita ax planetara,Piuliță planetară
piulita crenelata,
piulita de tensionare suport jiglor,
piulita galeria de evacuare,
piulita pentru brida,
piulita roata,piulita roata
pivot,pivot
Placa de presiune ambreiaj,placa presiune ambreiaj
placa presiune ambreiaj,placa presiune ambreiaj
Placa suport flansa arbore antrenare,
placuta de asigurare articulatie de sarcina,placuta de asigurare pivot
Placuta de asigurare articulatie de sarcina ghidare,placuta de asigurare pivot
planetara,
Podea,Podea caroserie
pomp basculare cabin ofer,
pomp de ap auxiliar,pomp de apă auxiliară
Pomp de ap auxiliar agregat nc lzire suplimentar,pomp de apă auxiliară pentru webasto
Pompa aer secundara,
pompa amorsare,pompa amorsare motorină
pompa apa,pompa apa
Pompa apa Set curea transmisie cu caneluri,Set curea și role accesorii + pompa apă
Pompa apa suplimentar,Pompa apa suplimentară
pompa centrala ambreiaj,pompa centrala ambreiaj
Pompa centrala frana,Pompa centrala frana
pompa combustibil,pompa combustibil
pompa de apa instalatia de incalzire independenta,pompa de apa instalatia de incalzire independenta
pompa de apa spalare faruri,pompa de apa spalare faruri
pompa de apa spalare parbriz,pompa de apa spalare parbriz
pompa de inalta presiune,Pompa de injecție
pompa hidraulica sistem de directie,Pompa servodirecție
pompa incarcare golire universala,
Pompa ulei,Pompa ulei motor
Pompa ulei cutie de viteza,Pompa ulei cutie de viteza
pompa vacuum sistem de franare,pompa vacuum sistem de franare
Portlag r arbore cu came,
pozitie pedala pedala ambreiaj,Senzor pozitie pedala ambreiaj
preducea rotunda,
prevent,
pro,
produse de curatare a,
produse intretinere componente cauciuc,
produse intretinere materiale plastice,
Proiector ceata,
protectie fisa bobina aprindere,
protectie stropire disc frana,Tablă protecția stropire disc frana
protectie termica,
punct de sprijin cric,
punte culbutor,
Punte diode,
racleta curatat,
racord evacuare,Țeavă eșapament
radiator baterie de antrenare,
radiator racire motor,
Radiator racire ulei cutie de viteze automata,
radiator recirculare gaze de esapament,
radiator retarder,
Radiator temperatura scazuta intercooler,Radiator intercooler
Radiator ulei cutie viteze,
Radiator ulei ulei motor,"Răcitor (radiator) ulei motor, Termoflot"
raft carucior unelte,
rama grila radiator,
rama maner usa,
Rama portiera,
rama proiector ceata,
reflector,"Catadioptru, reflector, ochi de pisică"
reflector lateral,"Catadioptru, reflector, ochi de pisică"
Reflector lumina parcare,"Catadioptru, reflector, ochi de pisică"
reglaj frana tambur,Sistem reglare automată frana tambur
reglaj parghie sistem franare,Sistem reglare automată frana tambur
Reglaj suflanta de interior,"Rezistența trepte aeroterma, suflanta aer cald, ventilator habitaclu"
Regulator alternator,
Regulator ax cu came,Variator ax came
regulator putere de franare,Repartitor frâna
releu,
releu climatizare,
Releu curent alimentare,
releu instalatia de comanda bujii incandescente,Releu bujii incandescente
releu lumini de avarie,
Releu multifunctional,
releu pompa combustibil,
releu sistem inchidere centralizata,
releu temporizare stergator parbriz,
Releu ventilator radiator,
rezervor aer sistem compresor,rezervor aer comprimat camioane
rezervor apa spalare parbriz,
rezervor combustibil,
Rezervor ulei hidraulic servo directie,
rezistor electromotor ventilator,Rezistența trepte ventilator răcire radiator
rezistor ventilator habitaclu,"Rezistența trepte aeroterma, suflanta aer cald, ventilator habitaclu"
Roata dintata arbore cotit,
roata dintata ax cu came,
roata dintata compresor,
robot pornire,
rola ghidare conducere curea distributie,
rola ghidare conducere curea transmisie,rola ghidare conducere curea accesorii (agregate)
rola ghidare conducere transmisie,rola ghidare conducere curea accesorii (agregate)
rola intinzator curea distributie,rola intinzatoare curea distributie
rola intinzator curea transmisie,Rola intinzatoare curea accesorii (agregate)
rola presiune furca revenire,
rola saboti frana,
rotor distribuitor,Pipa delcou
rotor pompa apa,
rulment arbore cu came frana,rulment arbore cu came frâna camioane
rulment articulatie ax,dublu
Rulment cardan,
Rulment corp rulment roata,Bucșa fuzetă
rulment de presiune,Rulment de presiune ambreiaj
Rulment de presiune ambreiaj,Rulment de presiune ambreiaj
Rulment diferential,
Rulment priza directa ambreiaj,
Rulment roata,
rulment sarcina amortizor,Flanșa amortizor – rulment
Rulment sarcina suport arc,Flanșa amortizor – cauciuc/metal fără rulment
ruptor distribuitor,
sa autotractor tractare,
sabot frana,
saiba,
saiba arc,
saiba blocare articulatie ax,
saiba de reglare reglare supapa,saiba de reglare supapa
saiba disc curea arbore cotit,
saiba distantier arbore cotit,
saiba distantier arbore frana,
saiba distantiera stabilizator habitaclu,
schimbator caldura incalzire habitaclu,Calorifer bord
scule,
Scut motor,
scut protectie termica inst injectie,Șaiba injector
semnalizator,
semnalizator aditional,
senor batai,senzor batai
sensor ajutor parcare,senzor parcare
sensor de parcare,senzor parcare
sensor modul schimbare viteze,
senzor,
senzor antiaburire,
senzor clapeta conducta aspiratie,
senzor de avertizare uzura placute de frana,
senzor de ploaie,
senzor debit aer,Debitmetru
senzor flux aer,Debitmetru
senzor impulsuri aprindere,
senzor impulsuri arbore cotit,
senzor lumini xenon,
senzor nivel apa spalare geam,
senzor nivel lichid de racire,
senzor nivel ulei motor,
senzor nox catalizator nox,
senzor nox injectie aditiv,
senzor odometru,
senzor pedala acceleratie,
senzor pompa ambreiaj,
senzor pozitie ax cu came,
senzor pozitie clapeta acceleratie,
senzor presiune aer,
senzor presiune amplificare frane,
senzor presiune combustibil,
senzor presiune galerie admisie,
senzor presiune gaze evacuare,
senzor presiune supraalimentare,
senzor presiune ulei,
senzor reglaj faruri,
senzor rezervor combustibil,
senzor sistem de control al presiunii pneuri,
senzor sistem supraalimentare,
senzor suspensie pneumatica,
senzor temperatura aer admisie,
senzor temperatura chiulasa,
senzor temperatura combustibil,
senzor temperatura exterioara,
senzor temperatura gaze evacuare,
senzor temperatura interioara,
senzor temperatura lichid de racire,
senzor temperatura presiune,
senzor temperatura ulei,
senzor turatie,
senzor turatie cutie de viteza automata,
senzor turatie cutie de viteza manuala,
senzor turatie roata,Senzor ABS
senzor unghi bracaj,
senzor uzura placute frana,
senzor viteza,
senzor viteza turatie,
separator ulei ventilatie bloc motor,Filtru epurator
servetele de curatat mana carpriss,
servo ambreiaj,servo ambreiaj pentru camioane
set accesorii etrier frana,
set accesorii placute frana,
set accesorii sabot de frana,
set accesorii saboti frana parcare,
set ambreiaj,
Set articulatie planetara,
Set ax cu came,
set banda de protectie grila radiator,
set benzi tensionare,
set bieleta,
Set bucsi de ghidaj etrier frana,
set cablaj aprinder,Set fișe bujii benzină
set chei filtre de ulei,
set chei surub aerisire inelara fixa,
set chei tubulare,
set cilindru inchidere,Butuc încuietoare
set cleste de sertizare,
set cleste tevi pompa,
set clipuri sustinere,
Set clipuri sustinere caroserie,
set conducte frana,
set contacte avertizare uzura placuta frana,senzor uzura placute frana
set covorase,
set curea de distributie,set curea de distribuție și role
Set curea transmisie cu caneluri,Set curea accesorii
set dalti,
set de debreiere actionare ambreiaj,
set de garnituri pompa hidraulica,
set de reechipare asistent unghi mort,
set de repara ie pomp basculant,
set de reparat cabluri haion,
set de reparat cabluri usa,
set de sigurante fuzibile,
set de verificare presiune de compresiune,
set disc lamelar ambreiaj,
set elemente de prindere bar ornamental,
set extractor bujii incandescente,
set faruri de zi,
set filtre hidraulice cutie e vit automata,Filtru ulei cutie automată
Set filtru aer habitaclu,Filtru polen – set
set filtru de aer,Filtru de aer – set
Set filtru de combustibil,Filtru de combustibil – set
Set fulie arbore cotit,Fulie vibrochen
set garnit etans arbore ambreiaj,
set garnit etans arbore motor,
set garnitura sistem egr,
set garnituri ax supape,Simeringuri supape
set garnituri baie ulei,
set garnituri bucsa cilindru,set garnituri cămașă piston motor
set garnituri butuc roata,
Set garnituri Capac supape,
set garnituri caracsa directie,
Set garnituri carcasa distributie,
set garnituri carter,
set garnituri chiulasa,
set garnituri complet motor,
set garnituri de frictiune frana tambur,Ferodouri saboti frâna
set garnituri diferential,
set garnituri etansare injectoare,
set garnituri galerie admisie,
set garnituri galerie evacuare,
set garnituri pompa apa,
set garnituri radiator ulei,
set garnituri ventil lamele,
set inele de etansare cutie de viteze planetara,
set lagar biela,Cuzineți bielă
Set lant antrenare pompa ulei,
Set montaj articulatie ax longitudinal,
set montaj cap de bara,
Set montaj galerie evacuare,
set montaj stabilizator,
set montaj turbocompresor,
set montare bara protectie,
set montare legatura,
set montare sistem de esapament,
Set montare toba de esapament,
set montare toba esapament,
Set mufa ambreiaj flexibil,
set pedale conducere,
Set pentru reparat cabluri convertizor de presiune,
Set pentru reparat modul eav de aspira ie,
Set piese schimb ulei transmisie automata,Pachet revizie cutie automată
set placute de frana frana de parcare cu disc,set placute de frâna
set placute frana frana disc,set placute de frâna
set pompa apa curea dintata,Set curea și role  distribuție cu pompa apă
set r zuitoare,
Set reparat cabluri bec nr circulatie,
Set reparat cabluri becuri haion,
set reparat cabluri bujie incandescenta,
set reparat cabluri faruri principale,
set reparat cabluri senzor ax cu came,
Set reparat cabluri senzor presiune galerie de admisie,
Set reparat cabluri sistem electric central,
set reparat cabluri termostat,
set reparat macara geam,
Set reparatie aerisire baie ulei,
set reparatie arbore came frana,set reparatie arbore came frâna pentru camion
set reparatie ax cardanic,
Set reparatie bara stabilizatoare,
set reparatie brat longitudinal,
set reparatie brat tensionare curea trapezoidala,
Set reparatie bucsa bara stabilizatoare,
set reparatie butuc roata,
set reparatie cadru suport arc,
set reparatie cilindru basculare,
set reparatie cilindru cuplare,
set reparatie cilindru receptor ambreiaj,
set reparatie cilindru receptor frana,
set reparatie compresor,
Set reparatie corp ax,
set reparatie cuplaj sistem aer comprimat,
Set reparatie cutie de viteze automata,
Set reparatie cutie de viteze manuala,
set reparatie etrier,
set reparatie filet,
set reparatie fixare,
set reparatie lagare,
set reparatie levier,
Set reparatie levier cutie de viteze,
set reparatie pivot,
Set reparatie pompa apa,
set reparatie pompa centrala ambreiaj,
set reparatie pompa centrala frana,
Set reparatie pompa combustibil,
set reparatie pompa vacuum siste frana,set reparatie pompa vacuum sistem frana
set reparatie reglaj brat,
set reparatie reglare automata,
set reparatie rola saboti frana,
set reparatie rulment de presiune,
set reparatie rulment sarcina amortizor,Flanșa amortizor – cauciuc/metal și rulment
set reparatie servofrana,
set reparatie set cabluri,
set reparatie suport diuza,
set reparatie uscator,
set reparatie volanta,
set reparatii,
set reparatii rulment intermediar arbore cotit,
set rotor pompa ulei,
set rulment roata,
set rulmenti stabilizator,Bucșa bara stabilizatoare
Set saboti frana,
set saboti frana frana de mana,
Set saboti frâna,
set scule,
set scule blocare distributie,
set scule montare senzor nivel combustibil pompa combustibil,
set scule slabire antifurt janta,
set stergatoare curatare parbriz,
Set surub chiulasa,
Set surub clema articulatie sarcina ghidare,
Set surub disc curea arbore cotit,
set surub disc frâna,
Set suruburi carcasa rulment sarcina amortizor,
set suruburi pinion,
Set suruburi pinion lant distributie,
set suspensie roata,Set brațe suspensie
set tarod bujii,
sfera de cuplare maneta schimbator viteze,
siguranta conica supapa,
siguranta fuzibila,
Simering arbore cotit,
simering arbore secundar,
simering ax,
Simering ax cardanic,
simering ax cu came,
simering ax intermediar,
simering butuc roata,
simering cutie automata,
simering cutie de transfer,
simering cutie de viteze automata,simering cutie automata
simering cutie de viteze manuala,
simering cutie de viteze planetara,
simering diferential,
simering pompa ulei,
simering rulment roata,
simering suport diuza,
simering termocupla,
simering transmisie automata,simering cutie automata
simering volanta,
sina macara geam lateral,
sist actionare ambreiaj,
Sistem alimentare cu combustibil,pompa combustibil
sistem con de reglaj frana,
sistem curatire far,
sistem injectie,
sistem oglinzi,
sistem roata libera generator,Fulie alternator
sistem stergator parbriz,
solenoid electromotor,Bobina electromotor
solutie asigurat suruburi,
solutie curatare sistem racire,
solutie curatat sist inj,
solutie curatire geam,
solutie de curatat frana ambreiajul,
solutie de curatat jenti,
solutie de curatat rapida,
solutie de curatat textile tapiterie,
solutie de curatat universala,
solvent rugina,
sonda lambda,
sortimente becuri,
sortimente de fuzibile,
spatula,
splint,
splint arc bolt roata,
spoiler,
spray cu zinc,
spray de lant,
spray de montaj,
spray pornire,
spray vaselina,
starter,Electromotor
stecher,
stecher far principal,
stecher srs rezistenta de verificare,
sticla oglinda oglinda cadru,sticla oglinda oglinda
sticla oglinda oglinda fata,sticla oglinda oglinda
sticla oglinda oglinda retrovizoare exterioara,sticla oglinda oglinda
sticla oglinda oglinda unghi indepartat,sticla oglinda oglinda
stift fixare arc saboti frana,
stift siguranta joja ulei cutie automata,
stop suplimentar,Stopuri
stuturi haldex,
supap instala ie de alimentare combustibil,
supapa absorbtie,
Supapa admisie,
supapa aer circulatie cutie incarcator,ok
supapa clapeta compresie bypass,
supapa comanda poz arbore cu came,
supapa control admisie aer,
supapa control agent frigorific,
supapa control ax ridicare aer comprimat,
supapa control evacuare egr,
Supapa control presiune sistem Common Rail,
supapa control remorca,
supapa cu deschidere rapida,
supapa de control vacuum EGR,
supapa de supraplin,
supapa de suprapresiune,
Supapa EGR,
Supapa evacuare,
Supapa expansiune clima,
supapa frana de serviciu,
supapa frana frana de mana,supapa frana de mana
supapa frana frana de serviciu,supapa frana de serviciu
supapa frana remorca,
supapa levier schimbator,
supapa magnetica,
supapa magnetica retarder,
supapa multicai,
supapa perna aer,
supapa pompa combustibil,
supapa pompa vacuum,
supapa presiune ulei,
supapa principala poz arbore cu came,
supapa protectie multicircuit,
supapa recirculare gaze de esapament,
supapa reglaj abs,
supapa reglaj cantitate combustibil sistem common,
Supapa reglaj cantitate combustibil Sistem Common Rail,
supapa reglaj mers in gol admisie aer,
supapa reglare presiune compresor,
Supapa regulatoare compresor,
supapa regulator presiune,
supapa releu,
supapa releu abs,
supapa sens actionare ambreiaj,
supapa sistem de introducere aer suplimentar,
supapa spalare parbriz,
Supapa suprapresiune rezervor combustibil,
supapa suspensie cabina sofer,
supapa unidirectionala,
supart transmisie automata,suport cutie automata
suport arc eliptic,
suport ax,Bucșă
Suport ax cardanic,Rulment cardan
suport bara panhard,
suport bara protectie,
suport bara stabilizatoare,
Suport bauturi,
suport bieleta antiruliu,
Suport bucsa brat,
suport cadru auxiliar suport agregate,
suport carcasa filtru aer,
suport caseta directie,
suport conducta combustibil pompa injectie,
suport cutie de transfer,
suport duza,
Suport etrier,
Suport far,
Suport furtun frana,
suport grila readiator,
suport in consola bara de torsiune,
suport injector,
suport lag r suport amortizor cabin,
Suport lampa far ceata,
Suport lampa lampa numar de inmatriculare,suport lampa numar de inmatriculare
suport lampa lampa spate,Suport lampa spate
Suport lampa semnalizator,
Suport montare oglinda retrovizoare exterioara,
Suport motor,
Suport numar de circulatie,
Suport perii,
suport radiator,
suport senzor asistenta parcare,
Suport siguranta,
Suport sistem de esapament,
Suport supapa aerisire bloc motor,
suport tampon,
suport transmisie automata,
suport transmisie manuala,
suport trapez,
suport vas expansiune lichid racire,
Suport ventilator,
Surub,
Surub aerisire Supapa aerisire radiator,
surub aliniament roti,
surub ax cardan,
Surub ax culbutor,
surub biela,
Surub brat oscilant,
surub buson radiator,
surub capac protector,
surub chiulasa,
Surub clema articulatie sarcina ghidare,
surub corectare inclinare,
surub de golire ax,
surub de golire baia de ulei,
surub de inchidere conducta sistem de racire,
surub de reglare far principal,
surub disc frana,
surub etrier,
surub flansa cardan,
Surub fulie,
surub ghidare etrier frana,
surub golire carcasa transmisie,
surub gresare,
surub imbinare,
surub imbinare ax cardanic,
surub olandez,
surub placa de presiune,
surub roata,
surub sistem de esapament,
surub supapa aerisire,
surub suport injector,
Surub suport lagar arbore cotit,
surub tubular conducta frana,
surub vana ulei cutie viteza automata,
Surub volanta,
surubelnita,
surubelnita in unghi,
Suspensie pneumatica clapeta fata,
suspensie pneumatica scarita,
tabla de siguranta piulita ax,
tabla fixare bolturi saboti frana,
Tabla fixare bolturi saboti frâna,
taler supapa compresor aer,
tambur frana,
tampon,Bara protecția
tampon cauciuc amortizor esapament,
tampon cauciuc cabina soferului,
tampon cauciuc suspensie,
tampon compartiment motor,
tampon filtru de aer,
tampon fixare baie ulei,
tampon limitare fixare,
tampon placa arc,
tampon suport motor,
teava bara de directie,
teava bujie,
teava de legatura conducte de racire,
Teava de reparatie filtru particule,
Teava flexibila esapament,racord  flexibil eșapament
Teava reparatie catalizator,
Terminal antena,
termostat lichid racire,
termostat racire ulei,
tester antigel,
tester jocuri articulatii,
tija actionare brat stergator parbriz,
Tija cilindru receptor ambreiaj,
Tija pompa inalta presiune,
Timoniera transmisie automata,Timonerie cutie automata
toba esapament finala,
Toba esapament primara,
toba esapamet intermediara,
transformator tensiune,
traversa,traversa caroserie
tripoda cardan,
tubulara de impact,
ulei compresor,
Ulei cuplare cu lamele trac iune integral,
Ulei cutia de viteze cu cuplaj dublu DSG,
ulei cutie automata,
ulei cutie transfer,
ulei cutie viteze manuala,
ulei de motor,
ulei de transmisie,
ulei diferential,
ulei furca,
ulei hidraulic,
ulei hidraulica centrala,
Ulei servodirectie,
umplere capac ax,
unealt de montaj garnitur radial,
Unitate comanda pompa combustibil,
Unitate comanda ventilator electric racire motor,
unitate control,
unitate de comanda lampa cu descarcare pe gaz,
unitate de contol cutie de viteze automatica,
unitate de control aer conditionat,
unitate de control bujii incandescente,Releu bujii incandescente
unitate de control cutie manual,
unitate de control frana conducere,
Unitate de control geamuri electrice,
Unitate de control incalzire scaune,
unitate de control incalzire ventilatie,
unitate de control lumini,
unitate de control management motor,
unitate de control reglare far,
unitate de injectie regenerare filtru de particule,
unitate de preparat aerul,
unitate supape transmisie hidraulica automata,
ureche sustinere aer umplere,
usa caroserie,
uscator aer conditionat,
uscator aer sistem compresor,
vana,
Vas de expansiune lichid frana,
vas de expansiune racire,
vaselina,
vazelina rulment,vaselina
ventil aerisire carter,
Ventil comutare clapeta comutare galerie admisie,
Ventil comutare clapete ventilatie,
ventil filtru de combustibil,
ventil inst de injectie,
ventil magnetic cilindru cuplare,
ventilator absorbtie aer habitaclu,
ventilator aer conditionat,
ventilator habitaclu,"Suflanta aer bord, aerotermă, ventilator bord"
Ventilator radiator,Electroventilator răcire motor
volanta,
Total Result,
